code,name,discipline,event,color
FRA,MARCHAND Leon,Swimming,Men's 200m Breaststroke,G
FRA,MARCHAND Leon,Swimming,Men's 400m Individual Medley,G
FRA,MARCHAND Leon,Swimming,Men's 200m Individual Medley,G
FRA,MARCHAND Leon,Swimming,Men's 200m Butterfly,G
AUS,O'CALLAGHAN Mollie,Swimming,Women's 4 x 100m Freestyle Relay,G
AUS,O'CALLAGHAN Mollie,Swimming,Women's 4 x 200m Freestyle Relay,G
AUS,O'CALLAGHAN Mollie,Swimming,Women's 200m Freestyle,G
KOR,LIM Sihyeon,Archery,Women's Individual,G
KOR,LIM Sihyeon,Archery,Mixed Team,G
KOR,LIM Sihyeon,Archery,Women's Team,G
USA,BILES Simone,Artistic Gymnastics,Women's All-Around,G
USA,BILES Simone,Artistic Gymnastics,Women's Vault,G
USA,BILES Simone,Artistic Gymnastics,Women's Team,G
AUS,TITMUS Ariarne,Swimming,Women's 400m Freestyle,G
AUS,TITMUS Ariarne,Swimming,Women's 4 x 200m Freestyle Relay,G
AUS,TITMUS Ariarne,Swimming,Women's 200m Freestyle,S
CAN,McINTOSH Summer,Swimming,Women's 400m Individual Medley,G
CAN,McINTOSH Summer,Swimming,Women's 400m Freestyle,S
CAN,McINTOSH Summer,Swimming,Women's 200m Butterfly,G
USA,HUSKE Torri,Swimming,Women's 4 x 100m Freestyle Relay,S
USA,HUSKE Torri,Swimming,Women's 100m Freestyle,S
USA,HUSKE Torri,Swimming,Women's 100m Butterfly,G
USA,LEDECKY Katie,Swimming,Women's 400m Freestyle,B
USA,LEDECKY Katie,Swimming,Women's 4 x 200m Freestyle Relay,S
USA,LEDECKY Katie,Swimming,Women's 1500m Freestyle,G
USA,SMITH Regan,Swimming,Women's 100m Backstroke,S
USA,SMITH Regan,Swimming,Women's 200m Backstroke,S
USA,SMITH Regan,Swimming,Women's 200m Butterfly,S
BRA,ANDRADE Rebeca,Artistic Gymnastics,Women's All-Around,S
BRA,ANDRADE Rebeca,Artistic Gymnastics,Women's Vault,S
BRA,ANDRADE Rebeca,Artistic Gymnastics,Women's Team,B
CHN,ZHANG Yufei,Swimming,Women's 4 x 100m Freestyle Relay,B
CHN,ZHANG Yufei,Swimming,Women's 100m Butterfly,B
CHN,ZHANG Yufei,Swimming,Women's 200m Butterfly,B
AUS,FOX Jessica,Canoe Slalom,Women's Canoe Single,G
AUS,FOX Jessica,Canoe Slalom,Women's Kayak Single,G
AUS,JACK Shayna,Swimming,Women's 4 x 100m Freestyle Relay,G
AUS,JACK Shayna,Swimming,Women's 4 x 200m Freestyle Relay,G
AUS,McKEOWN Kaylee,Swimming,Women's 100m Backstroke,G
AUS,McKEOWN Kaylee,Swimming,Women's 200m Backstroke,G
BEL,EVENEPOEL Remco,Cycling Road,Men's Road Race,G
BEL,EVENEPOEL Remco,Cycling Road,Men's Individual Time Trial,G
CHN,SHENG Lihao,Shooting,10m Air Rifle Mixed Team,G
CHN,SHENG Lihao,Shooting,10m Air Rifle Men,G
FRA,RINER Teddy,Judo,Mixed Team,G
FRA,RINER Teddy,Judo,Men +100 kg,G
JPN,OKA Shinnosuke,Artistic Gymnastics,Men's All-Around,G
JPN,OKA Shinnosuke,Artistic Gymnastics,Men's Team,G
KOR,KIM Woojin,Archery,Mixed Team,G
KOR,KIM Woojin,Archery,Men's Team,G
KOR,OH Sanguk,Fencing,Men's Sabre Team,G
KOR,OH Sanguk,Fencing,Men's Sabre Individual,G
USA,KIEFER Lee,Fencing,Women's Foil Individual,G
USA,KIEFER Lee,Fencing,Women's Foil Team,G
CHN,HUANG Yuting,Shooting,10m Air Rifle Mixed Team,G
CHN,HUANG Yuting,Shooting,10m Air Rifle Women,S
CHN,SUN Yingsha,Table Tennis,Mixed Doubles,G
CHN,SUN Yingsha,Table Tennis,Women's Singles,S
FRA,GABA Joan-Benjamin,Judo,Men -73 kg,S
FRA,GABA Joan-Benjamin,Judo,Mixed Team,G
FRA,MKHEIDZE Luka,Judo,Men -60 kg,S
FRA,MKHEIDZE Luka,Judo,Mixed Team,G
GBR,RICHARDS Matthew,Swimming,Men's 4 x 200m Freestyle Relay,G
GBR,RICHARDS Matthew,Swimming,Men's 200m Freestyle,S
GBR,SCOTT Duncan,Swimming,Men's 200m Individual Medley,S
GBR,SCOTT Duncan,Swimming,Men's 4 x 200m Freestyle Relay,G
HUN,MILAK Kristof,Swimming,Men's 200m Butterfly,S
HUN,MILAK Kristof,Swimming,Men's 100m Butterfly,G
JPN,ABE Hifumi,Judo,Men -66 kg,G
JPN,ABE Hifumi,Judo,Mixed Team,S
JPN,KANO Koki,Fencing,Men's Épée Individual,G
JPN,KANO Koki,Fencing,Men's Épée Team,S
JPN,NAGASE Takanori,Judo,Men -81 kg,G
JPN,NAGASE Takanori,Judo,Mixed Team,S
JPN,TSUNODA Natsumi,Judo,Women -48 kg,G
JPN,TSUNODA Natsumi,Judo,Mixed Team,S
KOR,NAM Suhyeon,Archery,Women's Individual,S
KOR,NAM Suhyeon,Archery,Women's Team,G
ROU,ANGHEL Roxana,Rowing,Women's Eight,G
ROU,ANGHEL Roxana,Rowing,Women's Pair,S
ROU,BODNAR Ancuta,Rowing,Women's Eight,G
ROU,BODNAR Ancuta,Rowing,Women's Double Sculls,S
ROU,RADIS Simona,Rowing,Women's Eight,G
ROU,RADIS Simona,Rowing,Women's Double Sculls,S
ROU,VRINCEANU Ioana,Rowing,Women's Eight,G
ROU,VRINCEANU Ioana,Rowing,Women's Pair,S
RSA,SMITH Tatjana,Swimming,Women's 100m Breaststroke,G
RSA,SMITH Tatjana,Swimming,Women's 200m Breaststroke,S
USA,DOUGLASS Kate,Swimming,Women's 4 x 100m Freestyle Relay,S
USA,DOUGLASS Kate,Swimming,Women's 200m Breaststroke,G
USA,GUILIANO Chris,Swimming,Men's 4 x 100m Freestyle Relay,G
USA,GUILIANO Chris,Swimming,Men's 4 x 200m Freestyle Relay,S
USA,SCRUGGS Lauren,Fencing,Women's Foil Individual,S
USA,SCRUGGS Lauren,Fencing,Women's Foil Team,G
BRA,SOUZA Beatriz,Judo,Women +78 kg,G
BRA,SOUZA Beatriz,Judo,Mixed Team,B
FRA,AGBEGNENOU Clarisse,Judo,Women -63 kg,B
FRA,AGBEGNENOU Clarisse,Judo,Mixed Team,G
FRA,BOUKLI Shirine,Judo,Women -48 kg,B
FRA,BOUKLI Shirine,Judo,Mixed Team,G
FRA,BUCHARD Amandine,Judo,Women -52 kg,B
FRA,BUCHARD Amandine,Judo,Mixed Team,G
FRA,CYSIQUE Sarah Leonie,Judo,Mixed Team,G
FRA,CYSIQUE Sarah Leonie,Judo,Women -57 kg,B
FRA,DICKO Romane,Judo,Women +78 kg,B
FRA,DICKO Romane,Judo,Mixed Team,G
FRA,NGAYAP HAMBOU Maxime-Gael,Judo,Men -90 kg,B
FRA,NGAYAP HAMBOU Maxime-Gael,Judo,Mixed Team,G
GBR,COLLETT Laura,Equestrian,Eventing Individual,B
GBR,COLLETT Laura,Equestrian,Eventing Team,G
ITA,CECCON Thomas,Swimming,Men's 4 x 100m Freestyle Relay,B
ITA,CECCON Thomas,Swimming,Men's 100m Backstroke,G
ROU,POPOVICI David,Swimming,Men's 100m Freestyle,B
ROU,POPOVICI David,Swimming,Men's 200m Freestyle,G
UKR,KHARLAN Olga,Fencing,Women's Sabre Team,G
UKR,KHARLAN Olga,Fencing,Women's Sabre Individual,B
USA,CAREY Jade,Artistic Gymnastics,Women's Vault,B
USA,CAREY Jade,Artistic Gymnastics,Women's Team,G
USA,LEE Sunisa,Artistic Gymnastics,Women's All-Around,B
USA,LEE Sunisa,Artistic Gymnastics,Women's Team,G
AUS,CHALMERS Kyle,Swimming,Men's 4 x 100m Freestyle Relay,S
AUS,CHALMERS Kyle,Swimming,Men's 100m Freestyle,S
CHN,ZHANG Boheng,Artistic Gymnastics,Men's All-Around,S
CHN,ZHANG Boheng,Artistic Gymnastics,Men's Team,S
FRA,MALLO-BRETON Auriane,Fencing,Women's Épée Individual,S
FRA,MALLO-BRETON Auriane,Fencing,Women's Épée Team,S
JPN,MURAO Sanshiro,Judo,Men -90 kg,S
JPN,MURAO Sanshiro,Judo,Mixed Team,S
USA,MANUEL Simone,Swimming,Women's 4 x 100m Freestyle Relay,S
USA,MANUEL Simone,Swimming,Women's 4 x 200m Freestyle Relay,S
USA,WALSH Gretchen,Swimming,Women's 4 x 100m Freestyle Relay,S
USA,WALSH Gretchen,Swimming,Women's 100m Butterfly,S
AUS,SOUTHAM Flynn,Swimming,Men's 4 x 100m Freestyle Relay,S
AUS,SOUTHAM Flynn,Swimming,Men's 4 x 200m Freestyle Relay,B
AUS,TAYLOR Kai,Swimming,Men's 4 x 100m Freestyle Relay,S
AUS,TAYLOR Kai,Swimming,Men's 4 x 200m Freestyle Relay,B
AUS,WINNINGTON Elijah,Swimming,Men's 400m Freestyle,S
AUS,WINNINGTON Elijah,Swimming,Men's 4 x 200m Freestyle Relay,B
BRA,LIMA Willian,Judo,Men -66 kg,S
BRA,LIMA Willian,Judo,Mixed Team,B
CHN,XIAO Ruoteng,Artistic Gymnastics,Men's All-Around,B
CHN,XIAO Ruoteng,Artistic Gymnastics,Men's Team,S
JPN,FUNAKUBO Haruka,Judo,Mixed Team,S
JPN,FUNAKUBO Haruka,Judo,Women -57 kg,B
JPN,HASHIMOTO Soichi,Judo,Men -73 kg,B
JPN,HASHIMOTO Soichi,Judo,Mixed Team,S
JPN,NAGAYAMA Ryuju,Judo,Men -60 kg,B
JPN,NAGAYAMA Ryuju,Judo,Mixed Team,S
KOR,HUH Mimi,Judo,Mixed Team,B
KOR,HUH Mimi,Judo,Women -57 kg,S
KOR,KIM Minjong,Judo,Mixed Team,B
KOR,KIM Minjong,Judo,Men +100 kg,S
USA,FOSTER Carson,Swimming,Men's 400m Individual Medley,B
USA,FOSTER Carson,Swimming,Men's 4 x 200m Freestyle Relay,S
USA,HOBSON Luke,Swimming,Men's 4 x 200m Freestyle Relay,S
USA,HOBSON Luke,Swimming,Men's 200m Freestyle,B
BRA,PIMENTA Larissa,Judo,Women -52 kg,B
BRA,PIMENTA Larissa,Judo,Mixed Team,B
CAN,KHARUN Ilya,Swimming,Men's 200m Butterfly,B
CAN,KHARUN Ilya,Swimming,Men's 100m Butterfly,B
CHN,YANG Junxuan,Swimming,Women's 4 x 100m Freestyle Relay,B
CHN,YANG Junxuan,Swimming,Women's 4 x 200m Freestyle Relay,B
HKG,HAUGHEY Siobhan Bernadette,Swimming,Women's 200m Freestyle,B
HKG,HAUGHEY Siobhan Bernadette,Swimming,Women's 100m Freestyle,B
IND,BHAKER Manu,Shooting,10m Air Pistol Women,B
IND,BHAKER Manu,Shooting,10m Air Pistol Mixed Team,B
KOR,KIM Hayun,Judo,Women +78 kg,B
KOR,KIM Hayun,Judo,Mixed Team,B
KOR,LEE Joonhwan,Judo,Men -81 kg,B
KOR,LEE Joonhwan,Judo,Mixed Team,B
USA,NEDOROSCIK Stephen,Artistic Gymnastics,Men's Team,B
USA,NEDOROSCIK Stephen,Artistic Gymnastics,Men's Pommel Horse,B
AIN,LITVINOVICH Ivan,Trampoline Gymnastics,Men,G
ARG,TORRES GIL Jose,Cycling BMX Freestyle,Men's Park,G
AUS,BROWN Grace,Cycling Road,Women's Individual Time Trial,G
AUS,CAMPBELL Bronte,Swimming,Women's 4 x 100m Freestyle Relay,G
AUS,EBDEN Matthew,Tennis,Men's Doubles,G
AUS,HARRIS Meg,Swimming,Women's 4 x 100m Freestyle Relay,G
AUS,McEVOY Cameron,Swimming,Men's 50m Freestyle,G
AUS,McKEON Emma,Swimming,Women's 4 x 100m Freestyle Relay,G
AUS,PALLISTER Lani,Swimming,Women's 4 x 200m Freestyle Relay,G
AUS,PEERS John,Tennis,Men's Doubles,G
AUS,PERKINS Jamie,Swimming,Women's 4 x 200m Freestyle Relay,G
AUS,SAKAKIBARA Saya,Cycling BMX Racing,Women,G
AUS,THROSSELL Brianna,Swimming,Women's 4 x 200m Freestyle Relay,G
AUS,WUNSCH Olivia,Swimming,Women's 4 x 100m Freestyle Relay,G
AZE,HEYDAROV Hidayat,Judo,Men -73 kg,G
AZE,KOTSOIEV Zelym,Judo,Men -100 kg,G
CAN,DEGUCHI Christa,Judo,Women -57 kg,G
CHN,CHANG Yani,Diving,Women's Synchronised 3m Springboard,G
CHN,CHEN Meng,Table Tennis,Women's Singles,G
CHN,CHEN Qing Chen,Badminton,Women's Doubles,G
CHN,CHEN Yiwen,Diving,Women's Synchronised 3m Springboard,G
CHN,CHEN Yuxi,Diving,Women's Synchronised 10m Platform,G
CHN,DENG Yawen,Cycling BMX Freestyle,Women's Park,G
CHN,HUANG Ya Qiong,Badminton,Mixed Doubles,G
CHN,JIA Yi Fan,Badminton,Women's Doubles,G
CHN,LIAN Junjie,Diving,Men's Synchronised 10m Platform,G
CHN,LIU Yukun,Shooting,50m Rifle 3 Positions Men,G
CHN,LONG Daoyi,Diving,Men's Synchronised 3m Springboard,G
CHN,PAN Zhanle,Swimming,Men's 100m Freestyle,G
CHN,QUAN Hongchan,Diving,Women's Synchronised 10m Platform,G
CHN,WANG Chuqin,Table Tennis,Mixed Doubles,G
CHN,WANG Zongyuan,Diving,Men's Synchronised 3m Springboard,G
CHN,XIE Yu,Shooting,10m Air Pistol Men,G
CHN,YANG Hao,Diving,Men's Synchronised 10m Platform,G
CHN,YANG Jiayu,Athletics,Women's 20km Race Walk,G
CHN,ZHENG Qinwen,Tennis,Women's Singles,G
CHN,ZHENG Si Wei,Badminton,Mixed Doubles,G
CRO,MATIC Barbara,Judo,Women -70 kg,G
CRO,SINKOVIC Martin,Rowing,Men's Pair,G
CRO,SINKOVIC Valent,Rowing,Men's Pair,G
CZE,MACHAC Tomas,Tennis,Mixed Doubles,G
CZE,SINIAKOVA Katerina,Tennis,Mixed Doubles,G
ECU,PINTADO Brian Daniel,Athletics,Men's 20km Race Walk,G
ESP,BOTIN le CHEVER Diego,Sailing,Men's Skiff,G
ESP,TRITTEL PAUL Florian,Sailing,Men's Skiff,G
FRA,APITHY-BRUNET Manon,Fencing,Women's Sabre Individual,G
FRA,BARRAQUE Jean Pascal,Rugby Sevens,Men,G
FRA,BEAUGRAND Cassandre,Triathlon,Women's Individual,G
FRA,DAUDET Joris,Cycling BMX Racing,Men,G
FRA,DIESSE Aurelien,Judo,Mixed Team,G
FRA,DJALO Alpha Oumar,Judo,Mixed Team,G
FRA,DUPONT Antoine,Rugby Sevens,Men,G
FRA,EPEE Nelson,Rugby Sevens,Men,G
FRA,FERRAND PREVOT Pauline,Cycling Mountain Bike,Women's Cross-country,G
FRA,FORNER Theo,Rugby Sevens,Men,G
FRA,GAHIE Marie Eve,Judo,Mixed Team,G
FRA,GESTIN Nicolas,Canoe Slalom,Men's Canoe Single,G
FRA,GRANDIDIER NKANANG Aaron,Rugby Sevens,Men,G
FRA,JOSEPH Jefferson-Lee,Rugby Sevens,Men,G
FRA,KHYAR Walide,Judo,Mixed Team,G
FRA,MALONGA Madeleine,Judo,Mixed Team,G
FRA,PAREZ EDO MARTIN Stephen,Rugby Sevens,Men,G
FRA,PASQUET Varian,Rugby Sevens,Men,G
FRA,REBBADJ Rayan,Rugby Sevens,Men,G
FRA,RIVA Paulin,Rugby Sevens,Men,G
FRA,SEPHO Jordan,Rugby Sevens,Men,G
FRA,TIMO Andy,Rugby Sevens,Men,G
FRA,ZEGHDAR Antoine,Rugby Sevens,Men,G
GBR,ANDERSON Lola,Rowing,Women's Quadruple Sculls,G
GBR,BIRD Kieran,Swimming,Men's 4 x 200m Freestyle Relay,G
GBR,BOLDING Morgan,Rowing,Men's Eight,G
GBR,BRASH Scott,Equestrian,Jumping Team,G
GBR,BRAYSHAW Georgina,Rowing,Women's Quadruple Sculls,G
GBR,BRIGHTMORE Harry,Rowing,Men's Eight,G
GBR,CANTER Rosalind,Equestrian,Eventing Team,G
GBR,CARNEGIE Sholto,Rowing,Men's Eight,G
GBR,CHARLES Harry,Equestrian,Jumping Team,G
GBR,CRAIG Emily,Rowing,Lightweight Women's Double Sculls,G
GBR,DAWSON Jacob,Rowing,Men's Eight,G
GBR,DEAN Tom,Swimming,Men's 4 x 200m Freestyle Relay,G
GBR,DIGBY Tom,Rowing,Men's Eight,G
GBR,ELWES Charles,Rowing,Men's Eight,G
GBR,FORD Tom,Rowing,Men's Eight,G
GBR,GIBBS Rory,Rowing,Men's Eight,G
GBR,GRANT Imogen,Rowing,Lightweight Women's Double Sculls,G
GBR,GUY James,Swimming,Men's 4 x 200m Freestyle Relay,G
GBR,HALES Nathan,Shooting,Trap Men,G
GBR,HENRY Lauren,Rowing,Women's Quadruple Sculls,G
GBR,MAHER Ben,Equestrian,Jumping Team,G
GBR,McEWEN Tom,Equestrian,Eventing Team,G
GBR,McMILLAN Jack,Swimming,Men's 4 x 200m Freestyle Relay,G
GBR,PAGE Bryony,Trampoline Gymnastics,Women,G
GBR,PIDCOCK Thomas,Cycling Mountain Bike,Men's Cross-country,G
GBR,RUDKIN James,Rowing,Men's Eight,G
GBR,SCOTT Hannah,Rowing,Women's Quadruple Sculls,G
GBR,YEE Alex,Triathlon,Men's Individual,G
GEO,BEKAURI Lasha,Judo,Men -90 kg,G
GER,JUNG Michael,Equestrian,Eventing Individual,G
GER,MAERTENS Lukas,Swimming,Men's 400m Freestyle,G
GER,von BREDOW-WERNDL Jessica,Equestrian,Dressage Team,G
GER,WANDRES Frederic,Equestrian,Dressage Team,G
GER,WERTH Isabell,Equestrian,Dressage Team,G
GER,ZEIDLER Oliver,Rowing,Men's Single Sculls,G
GUA,RUANO OLIVA Adriana,Shooting,Trap Women,G
HKG,CHEUNG Ka Long,Fencing,Men's Foil Individual,G
HKG,KONG Man Wai Vivian,Fencing,Women's Épée Individual,G
HUN,ANDRASFI Tibor,Fencing,Men's Épée Team,G
HUN,KOCH Mate Tamas,Fencing,Men's Épée Team,G
HUN,KOS Hubert,Swimming,Men's 200m Backstroke,G
HUN,NAGY David,Fencing,Men's Épée Team,G
HUN,SIKLOSI Gergely,Fencing,Men's Épée Team,G
IRL,Mc CARTHY Fintan,Rowing,Lightweight Men's Double Sculls,G
IRL,Mc CLENAGHAN Rhys,Artistic Gymnastics,Men's Pommel Horse,G
IRL,O DONOVAN Paul,Rowing,Lightweight Men's Double Sculls,G
IRL,WIFFEN Daniel,Swimming,Men's 800m Freestyle,G
ISR,REUVENY Tom,Sailing,Men's Windsurfing,G
ITA,BELLANDI Alice,Judo,Women -78 kg,G
ITA,de GENNARO Giovanni,Canoe Slalom,Men's Kayak Single,G
ITA,FIAMINGO Rossella,Fencing,Women's Épée Team,G
ITA,MAGGETTI Marta,Sailing,Women's Windsurfing,G
ITA,MARTINENGHI Nicolo,Swimming,Men's 100m Breaststroke,G
ITA,NAVARRIA Mara,Fencing,Women's Épée Team,G
ITA,RIZZI Giulia,Fencing,Women's Épée Team,G
ITA,SANTUCCIO Alberta,Fencing,Women's Épée Team,G
JPN,HASHIMOTO Daiki,Artistic Gymnastics,Men's Team,G
JPN,HORIGOME Yuto,Skateboarding,Men's Street,G
JPN,KAYA Kazuma,Artistic Gymnastics,Men's Team,G
JPN,SUGINO Takaaki,Artistic Gymnastics,Men's Team,G
JPN,TANIGAWA Wataru,Artistic Gymnastics,Men's Team,G
JPN,YOSHIZAWA Coco,Skateboarding,Women's Street,G
KAZ,SMETOV Yeldos,Judo,Men -60 kg,G
KOR,BAN Hyojin,Shooting,10m Air Rifle Women,G
KOR,DO Gyeongdong,Fencing,Men's Sabre Team,G
KOR,GU Bongil,Fencing,Men's Sabre Team,G
KOR,JEON Hunyoung,Archery,Women's Team,G
KOR,KIM Je Deok,Archery,Men's Team,G
KOR,LEE Wooseok,Archery,Men's Team,G
KOR,OH Ye Jin,Shooting,10m Air Pistol Women,G
KOR,PARK Sangwon,Fencing,Men's Sabre Team,G
KOR,YANG Jiin,Shooting,25m Pistol Women,G
NED,BOONSTRA Benthe,Rowing,Women's Four,G
NED,CLEVERING Ymkje,Rowing,Women's Pair,G
NED,DRENTH Hermijntje,Rowing,Women's Four,G
NED,DUETZ Annette,Sailing,Women's Skiff,G
NED,FLORIJN Finn,Rowing,Men's Quadruple Sculls,G
NED,FLORIJN Karolien,Rowing,Women's Single Sculls,G
NED,MEESTER Veronique,Rowing,Women's Pair,G
NED,METSEMAKERS Koen,Rowing,Men's Quadruple Sculls,G
NED,OFFEREINS Tinka,Rowing,Women's Four,G
NED,OLDENBURG Marloes,Rowing,Women's Four,G
NED,van AANHOLT Odile,Sailing,Women's Skiff,G
NED,van LIEROP Lennart,Rowing,Men's Quadruple Sculls,G
NED,WIETEN Tone,Rowing,Men's Quadruple Sculls,G
NZL,BLYDE Michaela,Rugby Sevens,Women,G
NZL,FELIX-HOTHAM Jazmin,Rugby Sevens,Women,G
NZL,FRANCIS Brooke,Rowing,Women's Double Sculls,G
NZL,HIRINI Sarah,Rugby Sevens,Women,G
NZL,KING Tyla,Rugby Sevens,Women,G
NZL,MILLER Jorja,Rugby Sevens,Women,G
NZL,NUKU Manaia,Rugby Sevens,Women,G
NZL,PAUL Mahina,Rugby Sevens,Women,G
NZL,POURI-LANE Risi,Rugby Sevens,Women,G
NZL,SAILI Alena,Rugby Sevens,Women,G
NZL,SETEFANO Theresa,Rugby Sevens,Women,G
NZL,SPOORS Lucy,Rowing,Women's Double Sculls,G
NZL,WAAKA Stacey,Rugby Sevens,Women,G
NZL,WOODMAN-WICKLIFFE Portia,Rugby Sevens,Women,G
PHI,YULO Carlos Edriel,Artistic Gymnastics,Men's Floor Exercise,G
ROU,ADAM Adriana,Rowing,Women's Eight,G
ROU,BERES Amalia,Rowing,Women's Eight,G
ROU,CORNEA Andrei Sebastian,Rowing,Men's Double Sculls,G
ROU,ENACHE Marian Florian,Rowing,Men's Double Sculls,G
ROU,LEHACI Maria,Rowing,Women's Eight,G
ROU,PETREANU Victoria Stefania,Rowing,Women's Eight,G
ROU,RUSU Maria Magdalena,Rowing,Women's Eight,G
SLO,LESKI Andreja,Judo,Women -63 kg,G
SRB,ARUNOVIC Zorana,Shooting,10m Air Pistol Mixed Team,G
SRB,MIKEC Damir,Shooting,10m Air Pistol Mixed Team,G
SUI,LEONE Chiara,Shooting,50m Rifle 3 Positions Women,G
SWE,SJOESTROEM Sarah,Swimming,Women's 100m Freestyle,G
UGA,CHEPTEGEI Joshua,Athletics,"Men's 10,000m",G
UKR,BAKASTOVA Yuliia,Fencing,Women's Sabre Team,G
UKR,KOMASHCHUK Alina,Fencing,Women's Sabre Team,G
UKR,KRAVATSKA Olena,Fencing,Women's Sabre Team,G
USA,ALEXY Jack,Swimming,Men's 4 x 100m Freestyle Relay,G
USA,ARMSTRONG Hunter,Swimming,Men's 4 x 100m Freestyle Relay,G
USA,BEST Justin,Rowing,Men's Four,G
USA,CHILES Jordan,Artistic Gymnastics,Women's Team,G
USA,CORRIGAN Liam,Rowing,Men's Four,G
USA,CROUSER Ryan,Athletics,Men's Shot Put,G
USA,DRESSEL Caeleb,Swimming,Men's 4 x 100m Freestyle Relay,G
USA,DUBROVICH Jacqueline,Fencing,Women's Foil Team,G
USA,GRADY Michael,Rowing,Men's Four,G
USA,HANCOCK Vincent,Shooting,Skeet Men,G
USA,HELD Ryan,Swimming,Men's 4 x 100m Freestyle Relay,G
USA,KING Matt,Swimming,Men's 4 x 100m Freestyle Relay,G
USA,MEAD Nick,Rowing,Men's Four,G
USA,RIVERA Hezly,Artistic Gymnastics,Women's Team,G
USA,WEINTRAUB Maia Mei,Fencing,Women's Foil Team,G
UZB,KELDIYOROVA Diyora,Judo,Women -52 kg,G
AIN,BARDZILOUSKAYA Viyaleta,Trampoline Gymnastics,Women,S
AIN,ZALATY Yauheni,Rowing,Men's Single Sculls,S
AUS,BURTON Christopher,Equestrian,Eventing Individual,S
AUS,CARTWRIGHT Jack,Swimming,Men's 4 x 100m Freestyle Relay,S
AUS,MORRIS Grae,Sailing,Men's Windsurfing,S
AUS,STUBBLETY-COOK Zac,Swimming,Men's 200m Breaststroke,S
AUS,YANG William,Swimming,Men's 4 x 100m Freestyle Relay,S
BRA,BONFIM Caio,Athletics,Men's 20km Race Walk,S
CAN,APPS Olivia,Rugby Sevens,Women,S
CAN,BERMUDEZ Fancy,Rugby Sevens,Women,S
CAN,CORRIGAN Alysha,Rugby Sevens,Women,S
CAN,CROSSLEY Caroline,Rugby Sevens,Women,S
CAN,DANIELS Chloe,Rugby Sevens,Women,S
CAN,DENT Abby,Rowing,Women's Eight,S
CAN,FILMER Caileigh,Rowing,Women's Eight,S
CAN,GRUCHALLA-WESIERSKI Kasia,Rowing,Women's Eight,S
CAN,HOGAN-ROCHESTER Asia,Rugby Sevens,Women,S
CAN,KIT Kristen,Rowing,Women's Eight,S
CAN,LIENDO Josh,Swimming,Men's 100m Butterfly,S
CAN,LOGAN Piper,Rugby Sevens,Women,S
CAN,MESCHKULEIT Maya,Rowing,Women's Eight,S
CAN,NORSTEN Carissa,Rugby Sevens,Women,S
CAN,PAYNE Sydney,Rowing,Women's Eight,S
CAN,PERRY Taylor,Rugby Sevens,Women,S
CAN,SCURFIELD Krissy,Rugby Sevens,Women,S
CAN,SEVICK Jessica,Rowing,Women's Eight,S
CAN,SYMONDS Florence,Rugby Sevens,Women,S
CAN,VALENZUELA Shalaya,Rugby Sevens,Women,S
CAN,WALKER Kristina,Rowing,Women's Eight,S
CAN,WARDLEY Keyara,Rugby Sevens,Women,S
CAN,WASTENEYS Avalon,Rowing,Women's Eight,S
CAN,WILLIAMS Charity,Rugby Sevens,Women,S
CHN,AN Qixuan,Archery,Women's Team,S
CHN,LI Jiaman,Archery,Women's Team,S
CHN,LIU Sheng Shu,Badminton,Women's Doubles,S
CHN,LIU Yang,Artistic Gymnastics,Men's Team,S
CHN,QI Ying,Shooting,Trap Men,S
CHN,SU Weide,Artistic Gymnastics,Men's Team,S
CHN,TAN Ning,Badminton,Women's Doubles,S
CHN,TANG Qianting,Swimming,Women's 100m Breaststroke,S
CHN,WANG Xinyu,Tennis,Mixed Doubles,S
CHN,WANG Zisai,Trampoline Gymnastics,Men,S
CHN,XU Jiayu,Swimming,Men's 100m Backstroke,S
CHN,YANG Xiaolei,Archery,Women's Team,S
CHN,ZHANG Zhizhen,Tennis,Mixed Doubles,S
CHN,ZOU Jingyuan,Artistic Gymnastics,Men's Team,S
CRO,VEKIC Donna,Tennis,Women's Singles,S
DEN,BACHMANN ANDERSEN Daniel,Equestrian,Dressage Team,S
DEN,LAUDRUP-DUFOUR Cathrine,Equestrian,Dressage Team,S
DEN,SKODBORG MERRALD Nanna,Equestrian,Dressage Team,S
ESP,PEREZ Maria,Athletics,Women's 20km Race Walk,S
ETH,AREGAWI Berihu,Athletics,"Men's 10,000m",S
FIJ,BALEIWAIRIKI Iosefo,Rugby Sevens,Men,S
FIJ,JOSAIA Raisuqe,Rugby Sevens,Men,S
FIJ,LOGANIMASI Ponipate,Rugby Sevens,Men,S
FIJ,MATANA Jeremaia,Rugby Sevens,Men,S
FIJ,MOCENACAGI Sevuloni,Rugby Sevens,Men,S
FIJ,NACUQU Waisea,Rugby Sevens,Men,S
FIJ,NASOVA Joji,Rugby Sevens,Men,S
FIJ,RASAKU Kaminieli,Rugby Sevens,Men,S
FIJ,RAVUTAUMADA Selesitino,Rugby Sevens,Men,S
FIJ,SAUTURAGA Filipe,Rugby Sevens,Men,S
FIJ,TALACOLO Joseva,Rugby Sevens,Men,S
FIJ,TEBA Iowane,Rugby Sevens,Men,S
FIJ,TUWAI Jerry,Rugby Sevens,Men,S
FIJ,VEILAWA Terio Tamani,Rugby Sevens,Men,S
FRA,ADDIS Baptiste,Archery,Men's Team,S
FRA,ANDRE Sylvain,Cycling BMX Racing,Men,S
FRA,BALZER Sara,Fencing,Women's Sabre Individual,S
FRA,BOREL Yannick,Fencing,Men's Épée Individual,S
FRA,CANDASSAMY Marie-Florence,Fencing,Women's Épée Team,S
FRA,CASTRYCK Titouan,Canoe Slalom,Men's Kayak Single,S
FRA,CHIRAULT Thomas,Archery,Men's Team,S
FRA,JEDRZEJEWSKI Camille,Shooting,25m Pistol Women,S
FRA,KIRPICHNIKOVA Anastasiia,Swimming,Women's 1500m Freestyle,S
FRA,KORETZKY Victor,Cycling Mountain Bike,Men's Cross-country,S
FRA,LAGHOUAG Karim Florent,Equestrian,Eventing Team,S
FRA,LANDOIS Stephane,Equestrian,Eventing Team,S
FRA,LOUIS-MARIE Alexandra,Fencing,Women's Épée Team,S
FRA,MADOUAS Valentin,Cycling Road,Men's Road Race,S
FRA,TOUZAINT Nicolas,Equestrian,Eventing Team,S
FRA,VALLADONT Jean-Charles,Archery,Men's Team,S
FRA,VITALIS Coraline,Fencing,Women's Épée Team,S
GBR,BOOTH Esme,Rowing,Women's Four,S
GBR,BURGESS Adam,Canoe Slalom,Men's Canoe Single,S
GBR,DALEY Thomas,Diving,Men's Synchronised 10m Platform,S
GBR,GEORGE Tom,Rowing,Men's Pair,S
GBR,GLOVER Helen,Rowing,Women's Four,S
GBR,HENDERSON Anna,Cycling Road,Women's Individual Time Trial,S
GBR,PEATY Adam,Swimming,Men's 100m Breaststroke,S
GBR,PROUD Benjamin,Swimming,Men's 50m Freestyle,S
GBR,REDGRAVE Sam,Rowing,Women's Four,S
GBR,REILLY Kieran Darren David,Cycling BMX Freestyle,Men's Park,S
GBR,SHORTEN Rebecca,Rowing,Women's Four,S
GBR,WILLIAMS Noah,Diving,Men's Synchronised 10m Platform,S
GBR,WYNNE-GRIFFITH Oliver,Rowing,Men's Pair,S
GEO,GRIGALASHVILI Tato,Judo,Men -81 kg,S
GEO,SULAMANIDZE Ilia,Judo,Men -100 kg,S
GER,BUTKEREIT Miriam,Judo,Women -70 kg,S
GER,KROPPEN Michelle,Archery,Mixed Team,S
GER,LILIK Elena,Canoe Slalom,Women's Canoe Single,S
GER,UNRUH Florian,Archery,Mixed Team,S
GRE,CHRISTOU Apostolos,Swimming,Men's 200m Backstroke,S
HUN,GEMESI Csanad,Fencing,Men's Sabre Team,S
HUN,RABB Krisztian,Fencing,Men's Sabre Team,S
HUN,SZATMARI Andras,Fencing,Men's Sabre Team,S
HUN,SZILAGYI Aron,Fencing,Men's Sabre Team,S
ISR,DOLGOPYAT Artem,Artistic Gymnastics,Men's Floor Exercise,S
ISR,HERSHKO Raz,Judo,Women +78 kg,S
ISR,KANTOR Sharon,Sailing,Women's Windsurfing,S
ISR,LANIR Inbar,Judo,Women -78 kg,S
ITA,ANDREOLI Angela,Artistic Gymnastics,Women's Team,S
ITA,CHIUMENTO Luca,Rowing,Men's Quadruple Sculls,S
ITA,D'AMATO Alice,Artistic Gymnastics,Women's Team,S
ITA,ERRIGO Arianna,Fencing,Women's Foil Team,S
ITA,ESPOSITO Manila,Artistic Gymnastics,Women's Team,S
ITA,FAVARETTO Martina,Fencing,Women's Foil Team,S
ITA,GANNA Filippo,Cycling Road,Men's Individual Time Trial,S
ITA,GENTILI Giacomo,Rowing,Men's Quadruple Sculls,S
ITA,IORIO Elisa,Artistic Gymnastics,Women's Team,S
ITA,MACCHI Filippo,Fencing,Men's Foil Individual,S
ITA,MALDINI Federico Nilo,Shooting,10m Air Pistol Men,S
ITA,OPPO Stefano,Rowing,Lightweight Men's Double Sculls,S
ITA,PALUMBO Francesca,Fencing,Women's Foil Team,S
ITA,PANIZZA Andrea,Rowing,Men's Quadruple Sculls,S
ITA,RAMBALDI Luca,Rowing,Men's Quadruple Sculls,S
ITA,SOARES Gabriel,Rowing,Lightweight Men's Double Sculls,S
ITA,STANCO Silvana Maria,Shooting,Trap Women,S
ITA,VILLA Giorgia,Artistic Gymnastics,Women's Team,S
ITA,VOLPI Alice,Fencing,Women's Foil Team,S
JPN,ABE Uta,Judo,Mixed Team,S
JPN,AKAMA Liz,Skateboarding,Women's Street,S
JPN,KOMATA Akira,Fencing,Men's Épée Team,S
JPN,MATSUSHITA Tomoyuki,Swimming,Men's 400m Individual Medley,S
JPN,MINOBE Kazuyasu,Fencing,Men's Épée Team,S
JPN,NIIZOE Saki,Judo,Mixed Team,S
JPN,SAITO Tatsuru,Judo,Mixed Team,S
JPN,SONE Akira,Judo,Mixed Team,S
JPN,TAKAICHI Miku,Judo,Mixed Team,S
JPN,TAKAYAMA Rika,Judo,Mixed Team,S
JPN,WOLF Aaron,Judo,Mixed Team,S
JPN,YAMADA Masaru,Fencing,Men's Épée Team,S
KAZ,KURBANOV Nariman,Artistic Gymnastics,Men's Pommel Horse,S
KOR,CHOI Sebin,Fencing,Women's Sabre Team,S
KOR,JEON Eunhye,Fencing,Women's Sabre Team,S
KOR,JEON Hayoung,Fencing,Women's Sabre Team,S
KOR,JEONG Na Eun,Badminton,Mixed Doubles,S
KOR,KEUM Jihyeon,Shooting,10m Air Rifle Mixed Team,S
KOR,KIM Won Ho,Badminton,Mixed Doubles,S
KOR,KIM Yeji,Shooting,10m Air Pistol Women,S
KOR,PARK Hajun,Shooting,10m Air Rifle Mixed Team,S
KOR,YOON Jisu,Fencing,Women's Sabre Team,S
KOS,KRASNIQI Distria,Judo,Women -52 kg,S
MEX,AWITI ALCARAZ Prisca,Judo,Women -63 kg,S
MEX,CELAYA HERNANDEZ Juan Manuel,Diving,Men's Synchronised 3m Springboard,S
MEX,OLVERA IBARRA Osmar,Diving,Men's Synchronised 3m Springboard,S
MGL,BAVUUDORJ Baasankhuu,Judo,Women -48 kg,S
NED,BROENINK Stef,Rowing,Men's Double Sculls,S
NED,de GRAAF Sander,Rowing,Men's Eight,S
NED,de JONG Roos,Rowing,Women's Quadruple Sculls,S
NED,DULLEMANS Tessa,Rowing,Women's Quadruple Sculls,S
NED,FETTER Dieuwke,Rowing,Men's Eight,S
NED,KNAB Ruben,Rowing,Men's Eight,S
NED,MAKKER Mick,Rowing,Men's Eight,S
NED,MOLENAAR Olav,Rowing,Men's Eight,S
NED,PAULIS Bente,Rowing,Women's Quadruple Sculls,S
NED,RIENKS Ralf,Rowing,Men's Eight,S
NED,TWELLAAR Melvin,Rowing,Men's Double Sculls,S
NED,van de KERKHOF Jacob,Rowing,Men's Eight,S
NED,van der BIJ Jan,Rowing,Men's Eight,S
NED,van DOORN Gert-Jan,Rowing,Men's Eight,S
NED,VEENSTRA Manon,Cycling BMX Racing,Women,S
NED,YOUSSIFOU Laila,Rowing,Women's Quadruple Sculls,S
NZL,MACDONALD Matt,Rowing,Men's Four,S
NZL,MACLEAN Ollie,Rowing,Men's Four,S
NZL,McHARDIE Isaac,Sailing,Men's Skiff,S
NZL,McKENZIE William,Sailing,Men's Skiff,S
NZL,MURRAY Tom,Rowing,Men's Four,S
NZL,TWIGG Emma,Rowing,Women's Single Sculls,S
NZL,ULLRICH Logan,Rowing,Men's Four,S
NZL,WILDE Hayden,Triathlon,Men's Individual,S
POL,ZWOLINSKA Klaudia,Canoe Slalom,Women's Kayak Single,S
PRK,JO Jin Mi,Diving,Women's Synchronised 10m Platform,S
PRK,KIM Kum Yong,Table Tennis,Mixed Doubles,S
PRK,KIM Mi Rae,Diving,Women's Synchronised 10m Platform,S
PRK,RI Jong Sik,Table Tennis,Mixed Doubles,S
ROU,COZMIUC Ionela Livia,Rowing,Lightweight Women's Double Sculls,S
ROU,van GRONINGEN Gianina Elena,Rowing,Lightweight Women's Double Sculls,S
SUI,DERRON Julie,Triathlon,Women's Individual,S
SWE,BOBECK Vilma,Sailing,Women's Skiff,S
SWE,LINDGREN Victor,Shooting,10m Air Rifle Men,S
SWE,NETZLER Rebecca,Sailing,Women's Skiff,S
TUN,FERJANI Fares,Fencing,Men's Sabre Individual,S
TUR,DIKEC Yusuf,Shooting,10m Air Pistol Mixed Team,S
TUR,TARHAN Sevval Ilayda,Shooting,10m Air Pistol Mixed Team,S
UKR,KULISH Serhiy,Shooting,50m Rifle 3 Positions Men,S
USA,BACON Sarah,Diving,Women's Synchronised 3m Springboard,S
USA,BATTEN Haley,Cycling Mountain Bike,Women's Cross-country,S
USA,BENEGAS Perris,Cycling BMX Freestyle,Women's Park,S
USA,CONNOLLY Erika,Swimming,Women's 4 x 100m Freestyle Relay,S
USA,COOK Karl,Equestrian,Jumping Team,S
USA,COOK Kassidy,Diving,Women's Synchronised 3m Springboard,S
USA,CURRY Brooks,Swimming,Men's 4 x 200m Freestyle Relay,S
USA,EATON Jagger,Skateboarding,Men's Street,S
USA,FINK Nic,Swimming,Men's 100m Breaststroke,S
USA,FINKE Bobby,Swimming,Men's 800m Freestyle,S
USA,GEMMELL Erin,Swimming,Women's 4 x 200m Freestyle Relay,S
USA,GRIMES Katie,Swimming,Women's 400m Individual Medley,S
USA,KIBLER Drew,Swimming,Men's 4 x 200m Freestyle Relay,S
USA,KOVACS Joe,Athletics,Men's Shot Put,S
USA,KRAJICEK Austin,Tennis,Men's Doubles,S
USA,KRAUT Laura,Equestrian,Jumping Team,S
USA,MADDALENA Sagen,Shooting,50m Rifle 3 Positions Women,S
USA,MADDEN Paige,Swimming,Women's 4 x 200m Freestyle Relay,S
USA,PEPLOWSKI Anna,Swimming,Women's 4 x 200m Freestyle Relay,S
USA,PIERONI Blake,Swimming,Men's 4 x 200m Freestyle Relay,S
USA,PRINCE Conner Lynn,Shooting,Skeet Men,S
USA,RAM Rajeev,Tennis,Men's Doubles,S
USA,SHACKELL Alex,Swimming,Women's 4 x 200m Freestyle Relay,S
USA,SMITH Kieran,Swimming,Men's 4 x 200m Freestyle Relay,S
USA,WARD McLain,Equestrian,Jumping Team,S
USA,WEINSTEIN Claire,Swimming,Women's 4 x 200m Freestyle Relay,S
USA,WEITZEIL Abbey,Swimming,Women's 4 x 100m Freestyle Relay,S
AUS,DIEHM Natalya,Cycling BMX Freestyle,Women's Park,B
AUS,GIULIANI Maximillian,Swimming,Men's 4 x 200m Freestyle Relay,B
AUS,INCERTI Zac,Swimming,Men's 4 x 200m Freestyle Relay,B
AUS,McINTYRE Annabelle,Rowing,Women's Pair,B
AUS,MONTAG Jemima,Athletics,Women's 20km Race Walk,B
AUS,MORRISON Jess,Rowing,Women's Pair,B
AUS,NEILL Thomas,Swimming,Men's 4 x 200m Freestyle Relay,B
AUS,SMITH Penny,Shooting,Trap Women,B
AUT,POLLERES Michaela,Judo,Women -70 kg,B
BEL,van AERT Wout,Cycling Road,Men's Individual Time Trial,B
BEL,WILLEMS Gabriella,Judo,Women -70 kg,B
BRA,BARBOSA Jade,Artistic Gymnastics,Women's Team,B
BRA,CARGNIN Daniel,Judo,Mixed Team,B
BRA,GONCALVES Leonardo,Judo,Mixed Team,B
BRA,LEAL Rayssa,Skateboarding,Women's Street,B
BRA,MACEDO Rafael,Judo,Mixed Team,B
BRA,OLIVEIRA Lorrane,Artistic Gymnastics,Women's Team,B
BRA,QUADROS Ketleyn,Judo,Mixed Team,B
BRA,SARAIVA Flavia,Artistic Gymnastics,Women's Team,B
BRA,SCHIMIDT Guilherme,Judo,Mixed Team,B
BRA,SILVA Rafael,Judo,Mixed Team,B
BRA,SILVA Rafaela,Judo,Mixed Team,B
BRA,SOARES Julia,Artistic Gymnastics,Women's Team,B
CAN,AUGER-ALIASSIME Felix,Tennis,Mixed Doubles,B
CAN,DABROWSKI Gabriela,Tennis,Mixed Doubles,B
CAN,HARVEY Eleanor,Fencing,Women's Foil Individual,B
CAN,MASSE Kylie,Swimming,Women's 200m Backstroke,B
CAN,METHOT Sophiane,Trampoline Gymnastics,Women,B
CAN,WIENS Rylan,Diving,Men's Synchronised 10m Platform,B
CAN,ZSOMBOR-MURRAY Nathan,Diving,Men's Synchronised 10m Platform,B
CHN,CHENG Yujie,Swimming,Women's 4 x 100m Freestyle Relay,B
CHN,GE Chutong,Swimming,Women's 4 x 200m Freestyle Relay,B
CHN,KONG Yaqi,Swimming,Women's 4 x 200m Freestyle Relay,B
CHN,LI Bingjie,Swimming,Women's 4 x 200m Freestyle Relay,B
CHN,LIU Yaxin,Swimming,Women's 4 x 200m Freestyle Relay,B
CHN,MA Zhenzhao,Judo,Women -78 kg,B
CHN,TANG Muhan,Swimming,Women's 4 x 200m Freestyle Relay,B
CHN,WANG Shun,Swimming,Men's 200m Individual Medley,B
CHN,WU Qingfeng,Swimming,Women's 4 x 100m Freestyle Relay,B
CHN,YAN Langyu,Trampoline Gymnastics,Men,B
CHN,YU Yiting,Swimming,Women's 4 x 100m Freestyle Relay,B
CHN,ZHANG Qiongyue,Shooting,50m Rifle 3 Positions Women,B
CRO,MARICIC Miran,Shooting,10m Air Rifle Men,B
CZE,BERAN Jiri,Fencing,Men's Épée Team,B
CZE,CUPR Michal,Fencing,Men's Épée Team,B
CZE,JURKA Jakub,Fencing,Men's Épée Team,B
CZE,RUBES Martin,Fencing,Men's Épée Team,B
EGY,ELSAYED Mohamed,Fencing,Men's Épée Individual,B
ESP,ECHANIZ Pau,Canoe Slalom,Men's Kayak Single,B
ESP,GARRIGOS Francisco,Judo,Men -60 kg,B
ESP,MARTIN Alvaro,Athletics,Men's 20km Race Walk,B
FRA,APITHY Bolade,Fencing,Men's Sabre Team,B
FRA,BARBELIN Lisa,Archery,Women's Individual,B
FRA,BERGERE Leo,Triathlon,Men's Individual,B
FRA,DELESTRE Simon,Equestrian,Jumping Team,B
FRA,EPAILLARD Julien,Equestrian,Jumping Team,B
FRA,JEANJEAN Anthony,Cycling BMX Freestyle,Men's Park,B
FRA,LAPORTE Christophe,Cycling Road,Men's Road Race,B
FRA,MAHIEU Romain,Cycling BMX Racing,Men,B
FRA,MANAUDOU Florent,Swimming,Men's 50m Freestyle,B
FRA,PATRICE Jean-Philippe,Fencing,Men's Sabre Team,B
FRA,PATRICE Sebastien,Fencing,Men's Sabre Team,B
FRA,PERREAU Olivier,Equestrian,Jumping Team,B
FRA,PIANFETTI Maxime,Fencing,Men's Sabre Team,B
FRA,PICON Charline,Sailing,Women's Skiff,B
FRA,STEYAERT Sarah,Sailing,Women's Skiff,B
GBR,ALDRIDGE Matt,Rowing,Men's Four,B
GBR,AMBLER David,Rowing,Men's Four,B
GBR,CAMPBELL-ORDE Annie,Rowing,Women's Eight,B
GBR,DAVIDSON Freddie,Rowing,Men's Four,B
GBR,DUNFORD Holly,Rowing,Women's Eight,B
GBR,FIELDMAN Henry,Rowing,Women's Eight,B
GBR,FORD Emily,Rowing,Women's Eight,B
GBR,FRY Charlotte,Equestrian,Dressage Team,B
GBR,HARDING Anthony,Diving,Men's Synchronised 3m Springboard,B
GBR,HARPER Yasmin,Diving,Women's Synchronised 3m Springboard,B
GBR,HESTER Carl,Equestrian,Dressage Team,B
GBR,HODGKINS BYRNE Mathilda,Rowing,Women's Double Sculls,B
GBR,IRWIN Lauren,Rowing,Women's Eight,B
GBR,JARMAN Jake,Artistic Gymnastics,Men's Floor Exercise,B
GBR,LAUGHER Jack,Diving,Men's Synchronised 3m Springboard,B
GBR,LONG Heidi,Rowing,Women's Eight,B
GBR,McKELLAR Rowan,Rowing,Women's Eight,B
GBR,MEW JENSEN Scarlett,Diving,Women's Synchronised 3m Springboard,B
GBR,MOODY Becky,Equestrian,Dressage Team,B
GBR,POTTER Beth,Triathlon,Women's Individual,B
GBR,SPENDOLINI SIRIEIX Andrea,Diving,Women's Synchronised 10m Platform,B
GBR,STEWART Eve,Rowing,Women's Eight,B
GBR,TAYLOR Harriet,Rowing,Women's Eight,B
GBR,TOULSON Lois,Diving,Women's Synchronised 10m Platform,B
GBR,WILDE Rebecca,Rowing,Women's Double Sculls,B
GBR,WILKES Oliver,Rowing,Men's Four,B
GBR,WILSON Emma,Sailing,Women's Windsurfing,B
GBR,WOODS Kimberley,Canoe Slalom,Women's Kayak Single,B
GER,GOSE Isabel,Swimming,Women's 1500m Freestyle,B
GER,GREITEN Pia,Rowing,Women's Quadruple Sculls,B
GER,MENZEL Leonie,Rowing,Women's Quadruple Sculls,B
GER,SCHENDEKEHL Tabea,Rowing,Women's Quadruple Sculls,B
GER,VOELZ Maren,Rowing,Women's Quadruple Sculls,B
GRE,FITSIOU Zoi,Rowing,Lightweight Women's Double Sculls,B
GRE,GKAIDATZIS Petros,Rowing,Lightweight Men's Double Sculls,B
GRE,KONTOU Dimitra,Rowing,Lightweight Women's Double Sculls,B
GRE,PAPAKONSTANTINOU Antonios,Rowing,Lightweight Men's Double Sculls,B
GRE,TSELIDIS Theodoros,Judo,Men -90 kg,B
GUA,BROL CARDENAS Jean Pierre,Shooting,Trap Men,B
HUN,MAJOR Veronika,Shooting,25m Pistol Women,B
HUN,MUHARI Eszter,Fencing,Women's Épée Individual,B
IND,KUSALE Swapnil,Shooting,50m Rifle 3 Positions Men,B
IND,SINGH Sarabjot,Shooting,10m Air Pistol Mixed Team,B
IRL,DOYLE Philip,Rowing,Men's Double Sculls,B
IRL,LYNCH Daire,Rowing,Men's Double Sculls,B
IRL,Mc SHARRY Mona,Swimming,Women's 100m Breaststroke,B
ISR,PALTCHIK Peter,Judo,Men -100 kg,B
ITA,CONTE BONIN Paolo,Swimming,Men's 4 x 100m Freestyle Relay,B
ITA,DEPLANO Leonardo,Swimming,Men's 4 x 100m Freestyle Relay,B
ITA,FRIGO Manuel,Swimming,Men's 4 x 100m Freestyle Relay,B
ITA,MIRESSI Alessandro,Swimming,Men's 4 x 100m Freestyle Relay,B
ITA,MONNA Paolo,Shooting,10m Air Pistol Men,B
ITA,PALTRINIERI Gregorio,Swimming,Men's 800m Freestyle,B
ITA,SAMELE Luigi,Fencing,Men's Sabre Individual,B
ITA,ZAZZERI Lorenzo,Swimming,Men's 4 x 100m Freestyle Relay,B
JAM,CAMPBELL Rajindra,Athletics,Men's Shot Put,B
JPN,AZUMA Sera,Fencing,Women's Foil Team,B
JPN,EMURA Misaki,Fencing,Women's Sabre Team,B
JPN,FUKUSHIMA Shihomi,Fencing,Women's Sabre Team,B
JPN,HAYATA Hina,Table Tennis,Women's Singles,B
JPN,HIGASHINO Arisa,Badminton,Mixed Doubles,B
JPN,KIKUCHI Komaki,Fencing,Women's Foil Team,B
JPN,KITAJIMA Ryuzo,Equestrian,Eventing Team,B
JPN,MATSUYAMA Nami,Badminton,Women's Doubles,B
JPN,MIYAWAKI Karin,Fencing,Women's Foil Team,B
JPN,OIWA Yoshiaki,Equestrian,Eventing Team,B
JPN,OZAKI Seri,Fencing,Women's Sabre Team,B
JPN,SHIDA Chiharu,Badminton,Women's Doubles,B
JPN,TAKASHIMA Risa,Fencing,Women's Sabre Team,B
JPN,TANAKA Toshiyuki,Equestrian,Eventing Team,B
JPN,TOMOTO Kazuma,Equestrian,Eventing Team,B
JPN,UENO Yuka,Fencing,Women's Foil Team,B
JPN,WATANABE Yuta,Badminton,Mixed Doubles,B
KAZ,KYRGYZBAYEV Gusman,Judo,Men -66 kg,B
KAZ,LE Alexandra,Shooting,10m Air Rifle Mixed Team,B
KAZ,SATPAYEV Islam,Shooting,10m Air Rifle Mixed Team,B
KOR,AN Baul,Judo,Mixed Team,B
KOR,HAN Juyeop,Judo,Mixed Team,B
KOR,JUNG Yerin,Judo,Mixed Team,B
KOR,KIM Jisu,Judo,Mixed Team,B
KOR,KIM Won Jin,Judo,Mixed Team,B
KOR,KIM Woomin,Swimming,Men's 400m Freestyle,B
KOR,LEE Hyekyeong,Judo,Mixed Team,B
KOR,LIM Jonghoon,Table Tennis,Mixed Doubles,B
KOR,SHIN Yubin,Table Tennis,Mixed Doubles,B
KOR,YOON Hyunji,Judo,Mixed Team,B
KOS,FAZLIU Laura,Judo,Women -63 kg,B
LTU,SENKUTE Viktorija,Rowing,Women's Single Sculls,B
MDA,OSMANOV Adil,Judo,Men -73 kg,B
MDA,VIERU Denis,Judo,Men -66 kg,B
MEX,RUIZ Angela,Archery,Women's Team,B
MEX,VALENCIA Alejandra,Archery,Women's Team,B
MEX,VAZQUEZ Ana,Archery,Women's Team,B
NED,CORBEAU Caspar,Swimming,Men's 200m Breaststroke,B
NED,SCHOUTEN Tes,Swimming,Women's 200m Breaststroke,B
NED,van DORP Simon,Rowing,Men's Single Sculls,B
NED,van OPZEELAND Luuc,Sailing,Men's Windsurfing,B
NZL,GOWLER Jackie,Rowing,Women's Four,B
NZL,SPOORS Phoebe,Rowing,Women's Four,B
NZL,WADDY Davina,Rowing,Women's Four,B
NZL,WILLIAMS Kerri,Rowing,Women's Four,B
POL,BARANSKI Fabian,Rowing,Men's Quadruple Sculls,B
POL,BISKUP Mateusz,Rowing,Men's Quadruple Sculls,B
POL,CZAJA Dominik,Rowing,Men's Quadruple Sculls,B
POL,JARECKA Aleksandra,Fencing,Women's Épée Team,B
POL,KLASIK Alicja,Fencing,Women's Épée Team,B
POL,KNAPIK-MIAZGA Renata,Fencing,Women's Épée Team,B
POL,SWATOWSKA-WENGLARCZYK Martyna,Fencing,Women's Épée Team,B
POL,SWIATEK Iga,Tennis,Women's Singles,B
POL,ZIETARSKI Miroslaw,Rowing,Men's Quadruple Sculls,B
POR,SAMPAIO Patricia,Judo,Women -78 kg,B
RSA,BROWN Ronald,Rugby Sevens,Men,B
RSA,DAVIDS Selvyn,Rugby Sevens,Men,B
RSA,DAVIDS Zain,Rugby Sevens,Men,B
RSA,GROBBELAAR Christie,Rugby Sevens,Men,B
RSA,HATHERLY Alan,Cycling Mountain Bike,Men's Cross-country,B
RSA,LEYDS Tristan,Rugby Sevens,Men,B
RSA,NORTJE Quewin,Rugby Sevens,Men,B
RSA,OOSTHUIZEN Ryan,Rugby Sevens,Men,B
RSA,PRETORIUS Tiaan,Rugby Sevens,Men,B
RSA,SOYIZWAPI Siviwe,Rugby Sevens,Men,B
RSA,SPECMAN Rosko,Rugby Sevens,Men,B
RSA,van WYK Shilton,Rugby Sevens,Men,B
RSA,VISSER Impi,Rugby Sevens,Men,B
RSA,WILLIAMS Shaun,Rugby Sevens,Men,B
SUI,CLAESSENS Zoe,Cycling BMX Racing,Women,B
SUI,GOGNIAT Audrey,Shooting,10m Air Rifle Women,B
SUI,GULICH Andrin,Rowing,Men's Pair,B
SUI,MITYUKOV Roman,Swimming,Men's 200m Backstroke,B
SUI,ROEOESLI Roman,Rowing,Men's Pair,B
SVK,BENUS Matej,Canoe Slalom,Men's Canoe Single,B
SWE,BABULFATH Tara,Judo,Women -48 kg,B
SWE,RISSVEDS Jenny,Cycling Mountain Bike,Women's Cross-country,B
TJK,MAKHMADBEKOV Somon,Judo,Men -81 kg,B
TJK,RAKHIMOV Temur,Judo,Men +100 kg,B
TPE,LEE Meng Yuan,Shooting,Skeet Men,B
TPE,WU Shih Yi,Boxing,Women's 60kg,B
TUR,GAZOZ Mete,Archery,Men's Team,B
TUR,TUMER Berkim,Archery,Men's Team,B
TUR,YILDIRMIS Abdullah,Archery,Men's Team,B
USA,BARROWS Ian,Sailing,Men's Skiff,B
USA,BERKOFF Katharine,Swimming,Women's 100m Backstroke,B
USA,CANETT Kayla,Rugby Sevens,Women,B
USA,CARLSON Chris,Rowing,Men's Eight,B
USA,CHATAIN Peter,Rowing,Men's Eight,B
USA,DEAN Clark,Rowing,Men's Eight,B
USA,DOYLE Lauren,Rugby Sevens,Women,B
USA,DYGERT Chloe,Cycling Road,Women's Individual Time Trial,B
USA,ELLISON Brady,Archery,Mixed Team,B
USA,FISHER Grant,Athletics,"Men's 10,000m",B
USA,FRITZ Taylor,Tennis,Men's Doubles,B
USA,HENKEN Hans,Sailing,Men's Skiff,B
USA,HOLLINGSWORTH Henry,Rowing,Men's Eight,B
USA,HONG Asher,Artistic Gymnastics,Men's Team,B
USA,HUSTON Nyjah,Skateboarding,Men's Street,B
USA,ITKIN Nick,Fencing,Men's Foil Individual,B
USA,JUDA Paul,Artistic Gymnastics,Men's Team,B
USA,KAUFHOLD Casey,Archery,Mixed Team,B
USA,KELTER Alev,Rugby Sevens,Women,B
USA,KIRSHE Kristi,Rugby Sevens,Women,B
USA,LEIBFARTH Evy,Canoe Slalom,Women's Canoe Single,B
USA,LEVY Sarah,Rugby Sevens,Women,B
USA,MAHER Ilona,Rugby Sevens,Women,B
USA,MALONE Brody,Artistic Gymnastics,Men's Team,B
USA,MILNE Rielly,Rowing,Men's Eight,B
USA,MURPHY Ryan,Swimming,Men's 100m Backstroke,B
USA,OLSEN Alena,Rugby Sevens,Women,B
USA,OLSON Evan,Rowing,Men's Eight,B
USA,PAUL Tommy,Tennis,Men's Doubles,B
USA,QUINTON Pieter,Rowing,Men's Eight,B
USA,RAMSEY Ariana,Rugby Sevens,Women,B
USA,RICHARD Frederick,Artistic Gymnastics,Men's Team,B
USA,ROVETTI Steph,Rugby Sevens,Women,B
USA,RUSHER Nick,Rowing,Men's Eight,B
USA,SEDRICK Alex,Rugby Sevens,Women,B
USA,SULLIVAN Sammy,Rugby Sevens,Women,B
USA,TABASH Christian,Rowing,Men's Eight,B
USA,TAPPER Naya,Rugby Sevens,Women,B
USA,WEYANT Emma,Swimming,Women's 400m Individual Medley,B
UZB,TUROBOYEV Muzaffarbek,Judo,Men -100 kg,B
UZB,YUSUPOV Alisher,Judo,Men +100 kg,B
