code,name,gold,silver,bronze
FRA,MARCHAND Leon,4,0,0
AUS,O'CALLAGHAN Mollie,3,0,0
KOR,LIM Sihyeon,3,0,0
USA,BILES Simone,3,0,0
AUS,TITMUS Ariarne,2,1,0
CAN,McINTOSH Summer,2,1,0
USA,HUSKE Torri,1,2,0
USA,LEDECKY Katie,1,1,1
USA,SMITH Regan,0,3,0
BRA,ANDRADE Rebeca,0,2,1
CHN,ZHANG Yufei,0,0,3
AUS,FOX Jessica,2,0,0
AUS,JACK Shayna,2,0,0
AUS,McKEOWN Kaylee,2,0,0
BEL,EVENEPOEL Remco,2,0,0
CHN,SHENG Lihao,2,0,0
JPN,OKA Shinnosuke,2,0,0
KOR,KIM Woojin,2,0,0
KOR,OH Sanguk,2,0,0
USA,KIEFER Lee,2,0,0
CHN,HUANG Yuting,1,1,0
CHN,SUN Yingsha,1,1,0
GBR,RICHARDS Matthew,1,1,0
GBR,SCOTT Duncan,1,1,0
JPN,KANO Koki,1,1,0
KOR,NAM Suhyeon,1,1,0
ROU,ANGHEL Roxana,1,1,0
ROU,BODNAR Ancuta,1,1,0
ROU,RADIS Simona,1,1,0
ROU,VRINCEANU Ioana,1,1,0
RSA,SMITH Tatjana,1,1,0
USA,DOUGLASS Kate,1,1,0
USA,GUILIANO Chris,1,1,0
USA,SCRUGGS Lauren,1,1,0
BRA,SOUZA Beatriz,1,0,1
GBR,COLLETT Laura,1,0,1
ITA,CECCON Thomas,1,0,1
ROU,POPOVICI David,1,0,1
USA,CAREY Jade,1,0,1
USA,LEE Sunisa,1,0,1
AUS,CHALMERS Kyle,0,2,0
CHN,ZHANG Boheng,0,2,0
FRA,MALLO-BRETON Auriane,0,2,0
USA,MANUEL Simone,0,2,0
USA,WALSH Gretchen,0,2,0
AUS,SOUTHAM Flynn,0,1,1
AUS,TAYLOR Kai,0,1,1
AUS,WINNINGTON Elijah,0,1,1
BRA,LIMA Willian,0,1,1
CHN,XIAO Ruoteng,0,1,1
KOR,HUH Mimi,0,1,1
KOR,KIM Minjong,0,1,1
USA,FOSTER Carson,0,1,1
USA,HOBSON Luke,0,1,1
BRA,PIMENTA Larissa,0,0,2
CHN,YANG Junxuan,0,0,2
HKG,HAUGHEY Siobhan Bernadette,0,0,2
IND,BHAKER Manu,0,0,2
KOR,KIM Hayun,0,0,2
KOR,LEE Joonhwan,0,0,2
AIN,LITVINOVICH Ivan,1,0,0
ARG,TORRES GIL Jose,1,0,0
AUS,BROWN Grace,1,0,0
AUS,CAMPBELL Bronte,1,0,0
AUS,EBDEN Matthew,1,0,0
AUS,HARRIS Meg,1,0,0
AUS,McEVOY Cameron,1,0,0
AUS,McKEON Emma,1,0,0
AUS,PALLISTER Lani,1,0,0
AUS,PEERS John,1,0,0
AUS,PERKINS Jamie,1,0,0
AUS,SAKAKIBARA Saya,1,0,0
AUS,THROSSELL Brianna,1,0,0
AUS,WUNSCH Olivia,1,0,0
AZE,HEYDAROV Hidayat,1,0,0
AZE,KOTSOIEV Zelym,1,0,0
CAN,DEGUCHI Christa,1,0,0
CHN,CHANG Yani,1,0,0
CHN,CHEN Meng,1,0,0
CHN,CHEN Qing Chen,1,0,0
CHN,CHEN Yiwen,1,0,0
CHN,CHEN Yuxi,1,0,0
CHN,DENG Yawen,1,0,0
CHN,HUANG Ya Qiong,1,0,0
CHN,JIA Yi Fan,1,0,0
CHN,LIAN Junjie,1,0,0
CHN,LIU Yukun,1,0,0
CHN,LONG Daoyi,1,0,0
CHN,PAN Zhanle,1,0,0
CHN,QUAN Hongchan,1,0,0
CHN,WANG Chuqin,1,0,0
CHN,WANG Zongyuan,1,0,0
CHN,XIE Yu,1,0,0
CHN,YANG Hao,1,0,0
CHN,YANG Jiayu,1,0,0
CHN,ZHENG Si Wei,1,0,0
CRO,MATIC Barbara,1,0,0
CRO,SINKOVIC Martin,1,0,0
CRO,SINKOVIC Valent,1,0,0
CZE,MACHAC Tomas,1,0,0
CZE,SINIAKOVA Katerina,1,0,0
ECU,PINTADO Brian Daniel,1,0,0
ESP,BOTIN le CHEVER Diego,1,0,0
ESP,TRITTEL PAUL Florian,1,0,0
FRA,APITHY-BRUNET Manon,1,0,0
FRA,BARRAQUE Jean Pascal,1,0,0
FRA,BEAUGRAND Cassandre,1,0,0
FRA,DAUDET Joris,1,0,0
FRA,DUPONT Antoine,1,0,0
FRA,EPEE Nelson,1,0,0
FRA,FERRAND PREVOT Pauline,1,0,0
FRA,FORNER Theo,1,0,0
FRA,GESTIN Nicolas,1,0,0
FRA,GRANDIDIER NKANANG Aaron,1,0,0
FRA,JOSEPH Jefferson-Lee,1,0,0
FRA,PAREZ EDO MARTIN Stephen,1,0,0
FRA,PASQUET Varian,1,0,0
FRA,REBBADJ Rayan,1,0,0
FRA,RINER Teddy,1,0,0
FRA,RIVA Paulin,1,0,0
FRA,SEPHO Jordan,1,0,0
FRA,TIMO Andy,1,0,0
FRA,ZEGHDAR Antoine,1,0,0
GBR,ANDERSON Lola,1,0,0
GBR,BIRD Kieran,1,0,0
GBR,BOLDING Morgan,1,0,0
GBR,BRASH Scott,1,0,0
GBR,BRAYSHAW Georgina,1,0,0
GBR,BRIGHTMORE Harry,1,0,0
GBR,CANTER Rosalind,1,0,0
GBR,CARNEGIE Sholto,1,0,0
GBR,CHARLES Harry,1,0,0
GBR,CRAIG Emily,1,0,0
GBR,DAWSON Jacob,1,0,0
GBR,DEAN Tom,1,0,0
GBR,DIGBY Tom,1,0,0
GBR,ELWES Charles,1,0,0
GBR,FORD Tom,1,0,0
GBR,GIBBS Rory,1,0,0
GBR,GRANT Imogen,1,0,0
GBR,GUY James,1,0,0
GBR,HALES Nathan,1,0,0
GBR,HENRY Lauren,1,0,0
GBR,MAHER Ben,1,0,0
GBR,McEWEN Tom,1,0,0
GBR,McMILLAN Jack,1,0,0
GBR,PAGE Bryony,1,0,0
GBR,PIDCOCK Thomas,1,0,0
GBR,RUDKIN James,1,0,0
GBR,SCOTT Hannah,1,0,0
GBR,YEE Alex,1,0,0
GEO,BEKAURI Lasha,1,0,0
GER,JUNG Michael,1,0,0
GER,MAERTENS Lukas,1,0,0
GER,von BREDOW-WERNDL Jessica,1,0,0
GER,WANDRES Frederic,1,0,0
GER,WERTH Isabell,1,0,0
GER,ZEIDLER Oliver,1,0,0
GUA,RUANO OLIVA Adriana,1,0,0
HKG,CHEUNG Ka Long,1,0,0
HKG,KONG Man Wai Vivian,1,0,0
HUN,ANDRASFI Tibor,1,0,0
HUN,KOCH Mate Tamas,1,0,0
HUN,KOS Hubert,1,0,0
HUN,NAGY David,1,0,0
HUN,SIKLOSI Gergely,1,0,0
IRL,Mc CARTHY Fintan,1,0,0
IRL,O DONOVAN Paul,1,0,0
IRL,WIFFEN Daniel,1,0,0
ISR,REUVENY Tom,1,0,0
ITA,BELLANDI Alice,1,0,0
ITA,de GENNARO Giovanni,1,0,0
ITA,FIAMINGO Rossella,1,0,0
ITA,MAGGETTI Marta,1,0,0
ITA,MARTINENGHI Nicolo,1,0,0
ITA,NAVARRIA Mara,1,0,0
ITA,RIZZI Giulia,1,0,0
ITA,SANTUCCIO Alberta,1,0,0
JPN,ABE Hifumi,1,0,0
JPN,HASHIMOTO Daiki,1,0,0
JPN,HORIGOME Yuto,1,0,0
JPN,KAYA Kazuma,1,0,0
JPN,NAGASE Takanori,1,0,0
JPN,SUGINO Takaaki,1,0,0
JPN,TANIGAWA Wataru,1,0,0
JPN,TSUNODA Natsumi,1,0,0
JPN,YOSHIZAWA Coco,1,0,0
KAZ,SMETOV Yeldos,1,0,0
KOR,BAN Hyojin,1,0,0
KOR,DO Gyeongdong,1,0,0
KOR,GU Bongil,1,0,0
KOR,JEON Hunyoung,1,0,0
KOR,KIM Je Deok,1,0,0
KOR,LEE Wooseok,1,0,0
KOR,OH Ye Jin,1,0,0
KOR,PARK Sangwon,1,0,0
KOR,YANG Jiin,1,0,0
NED,BOONSTRA Benthe,1,0,0
NED,CLEVERING Ymkje,1,0,0
NED,DRENTH Hermijntje,1,0,0
NED,DUETZ Annette,1,0,0
NED,FLORIJN Finn,1,0,0
NED,FLORIJN Karolien,1,0,0
NED,MEESTER Veronique,1,0,0
NED,METSEMAKERS Koen,1,0,0
NED,OFFEREINS Tinka,1,0,0
NED,OLDENBURG Marloes,1,0,0
NED,van AANHOLT Odile,1,0,0
NED,van LIEROP Lennart,1,0,0
NED,WIETEN Tone,1,0,0
NZL,BLYDE Michaela,1,0,0
NZL,FELIX-HOTHAM Jazmin,1,0,0
NZL,FRANCIS Brooke,1,0,0
NZL,HIRINI Sarah,1,0,0
NZL,KING Tyla,1,0,0
NZL,MILLER Jorja,1,0,0
NZL,NUKU Manaia,1,0,0
NZL,PAUL Mahina,1,0,0
NZL,POURI-LANE Risi,1,0,0
NZL,SAILI Alena,1,0,0
NZL,SETEFANO Theresa,1,0,0
NZL,SPOORS Lucy,1,0,0
NZL,WAAKA Stacey,1,0,0
NZL,WOODMAN-WICKLIFFE Portia,1,0,0
PHI,YULO Carlos Edriel,1,0,0
ROU,ADAM Adriana,1,0,0
ROU,BERES Amalia,1,0,0
ROU,CORNEA Andrei Sebastian,1,0,0
ROU,ENACHE Marian Florian,1,0,0
ROU,LEHACI Maria,1,0,0
ROU,PETREANU Victoria Stefania,1,0,0
ROU,RUSU Maria Magdalena,1,0,0
SLO,LESKI Andreja,1,0,0
SRB,ARUNOVIC Zorana,1,0,0
SRB,MIKEC Damir,1,0,0
SUI,LEONE Chiara,1,0,0
SWE,SJOESTROEM Sarah,1,0,0
UGA,CHEPTEGEI Joshua,1,0,0
USA,ALEXY Jack,1,0,0
USA,ARMSTRONG Hunter,1,0,0
USA,BEST Justin,1,0,0
USA,CHILES Jordan,1,0,0
USA,CORRIGAN Liam,1,0,0
USA,DRESSEL Caeleb,1,0,0
USA,DUBROVICH Jacqueline,1,0,0
USA,GRADY Michael,1,0,0
USA,HANCOCK Vincent,1,0,0
USA,HELD Ryan,1,0,0
USA,KING Matt,1,0,0
USA,MEAD Nick,1,0,0
USA,RIVERA Hezly,1,0,0
USA,WEINTRAUB Maia Mei,1,0,0
UZB,KELDIYOROVA Diyora,1,0,0
AIN,BARDZILOUSKAYA Viyaleta,0,1,0
AIN,ZALATY Yauheni,0,1,0
AUS,BURTON Christopher,0,1,0
AUS,CARTWRIGHT Jack,0,1,0
AUS,MORRIS Grae,0,1,0
AUS,STUBBLETY-COOK Zac,0,1,0
AUS,YANG William,0,1,0
BRA,BONFIM Caio,0,1,0
CAN,APPS Olivia,0,1,0
CAN,BERMUDEZ Fancy,0,1,0
CAN,CORRIGAN Alysha,0,1,0
CAN,CROSSLEY Caroline,0,1,0
CAN,DANIELS Chloe,0,1,0
CAN,DENT Abby,0,1,0
CAN,FILMER Caileigh,0,1,0
CAN,GRUCHALLA-WESIERSKI Kasia,0,1,0
CAN,HOGAN-ROCHESTER Asia,0,1,0
CAN,KIT Kristen,0,1,0
CAN,LOGAN Piper,0,1,0
CAN,MESCHKULEIT Maya,0,1,0
CAN,NORSTEN Carissa,0,1,0
CAN,PAYNE Sydney,0,1,0
CAN,PERRY Taylor,0,1,0
CAN,SCURFIELD Krissy,0,1,0
CAN,SEVICK Jessica,0,1,0
CAN,SYMONDS Florence,0,1,0
CAN,VALENZUELA Shalaya,0,1,0
CAN,WALKER Kristina,0,1,0
CAN,WARDLEY Keyara,0,1,0
CAN,WASTENEYS Avalon,0,1,0
CAN,WILLIAMS Charity,0,1,0
CHN,AN Qixuan,0,1,0
CHN,LI Jiaman,0,1,0
CHN,LIU Sheng Shu,0,1,0
CHN,LIU Yang,0,1,0
CHN,QI Ying,0,1,0
CHN,SU Weide,0,1,0
CHN,TAN Ning,0,1,0
CHN,TANG Qianting,0,1,0
CHN,WANG Xinyu,0,1,0
CHN,WANG Zisai,0,1,0
CHN,XU Jiayu,0,1,0
CHN,YANG Xiaolei,0,1,0
CHN,ZHANG Zhizhen,0,1,0
CHN,ZOU Jingyuan,0,1,0
DEN,BACHMANN ANDERSEN Daniel,0,1,0
DEN,LAUDRUP-DUFOUR Cathrine,0,1,0
DEN,SKODBORG MERRALD Nanna,0,1,0
ESP,PEREZ Maria,0,1,0
ETH,AREGAWI Berihu,0,1,0
FIJ,BALEIWAIRIKI Iosefo,0,1,0
FIJ,JOSAIA Raisuqe,0,1,0
FIJ,LOGANIMASI Ponipate,0,1,0
FIJ,MATANA Jeremaia,0,1,0
FIJ,MOCENACAGI Sevuloni,0,1,0
FIJ,NACUQU Waisea,0,1,0
FIJ,NASOVA Joji,0,1,0
FIJ,RASAKU Kaminieli,0,1,0
FIJ,RAVUTAUMADA Selesitino,0,1,0
FIJ,SAUTURAGA Filipe,0,1,0
FIJ,TALACOLO Joseva,0,1,0
FIJ,TEBA Iowane,0,1,0
FIJ,TUWAI Jerry,0,1,0
FIJ,VEILAWA Terio Tamani,0,1,0
FRA,ADDIS Baptiste,0,1,0
FRA,ANDRE Sylvain,0,1,0
FRA,BALZER Sara,0,1,0
FRA,BOREL Yannick,0,1,0
FRA,CANDASSAMY Marie-Florence,0,1,0
FRA,CASTRYCK Titouan,0,1,0
FRA,CHIRAULT Thomas,0,1,0
FRA,GABA Joan-Benjamin,0,1,0
FRA,JEDRZEJEWSKI Camille,0,1,0
FRA,KIRPICHNIKOVA Anastasiia,0,1,0
FRA,KORETZKY Victor,0,1,0
FRA,LAGHOUAG Karim Florent,0,1,0
FRA,LANDOIS Stephane,0,1,0
FRA,LOUIS-MARIE Alexandra,0,1,0
FRA,MADOUAS Valentin,0,1,0
FRA,MKHEIDZE Luka,0,1,0
FRA,TOUZAINT Nicolas,0,1,0
FRA,VALLADONT Jean-Charles,0,1,0
FRA,VITALIS Coraline,0,1,0
GBR,BOOTH Esme,0,1,0
GBR,BURGESS Adam,0,1,0
GBR,DALEY Thomas,0,1,0
GBR,GEORGE Tom,0,1,0
GBR,GLOVER Helen,0,1,0
GBR,HENDERSON Anna,0,1,0
GBR,PEATY Adam,0,1,0
GBR,PROUD Benjamin,0,1,0
GBR,REDGRAVE Sam,0,1,0
GBR,REILLY Kieran Darren David,0,1,0
GBR,SHORTEN Rebecca,0,1,0
GBR,WILLIAMS Noah,0,1,0
GBR,WYNNE-GRIFFITH Oliver,0,1,0
GEO,GRIGALASHVILI Tato,0,1,0
GEO,SULAMANIDZE Ilia,0,1,0
GER,BUTKEREIT Miriam,0,1,0
GER,KROPPEN Michelle,0,1,0
GER,LILIK Elena,0,1,0
GER,UNRUH Florian,0,1,0
GRE,CHRISTOU Apostolos,0,1,0
HUN,GEMESI Csanad,0,1,0
HUN,MILAK Kristof,0,1,0
HUN,RABB Krisztian,0,1,0
HUN,SZATMARI Andras,0,1,0
HUN,SZILAGYI Aron,0,1,0
ISR,DOLGOPYAT Artem,0,1,0
ISR,HERSHKO Raz,0,1,0
ISR,KANTOR Sharon,0,1,0
ISR,LANIR Inbar,0,1,0
ITA,ANDREOLI Angela,0,1,0
ITA,CHIUMENTO Luca,0,1,0
ITA,D'AMATO Alice,0,1,0
ITA,ERRIGO Arianna,0,1,0
ITA,ESPOSITO Manila,0,1,0
ITA,FAVARETTO Martina,0,1,0
ITA,GANNA Filippo,0,1,0
ITA,GENTILI Giacomo,0,1,0
ITA,IORIO Elisa,0,1,0
ITA,MACCHI Filippo,0,1,0
ITA,MALDINI Federico Nilo,0,1,0
ITA,OPPO Stefano,0,1,0
ITA,PALUMBO Francesca,0,1,0
ITA,PANIZZA Andrea,0,1,0
ITA,RAMBALDI Luca,0,1,0
ITA,SOARES Gabriel,0,1,0
ITA,STANCO Silvana Maria,0,1,0
ITA,VILLA Giorgia,0,1,0
ITA,VOLPI Alice,0,1,0
JPN,AKAMA Liz,0,1,0
JPN,KOMATA Akira,0,1,0
JPN,MATSUSHITA Tomoyuki,0,1,0
JPN,MINOBE Kazuyasu,0,1,0
JPN,MURAO Sanshiro,0,1,0
JPN,YAMADA Masaru,0,1,0
KOR,JEONG Na Eun,0,1,0
KOR,KEUM Jihyeon,0,1,0
KOR,KIM Won Ho,0,1,0
KOR,KIM Yeji,0,1,0
KOR,PARK Hajun,0,1,0
KOS,KRASNIQI Distria,0,1,0
MEX,AWITI ALCARAZ Prisca,0,1,0
MEX,CELAYA HERNANDEZ Juan Manuel,0,1,0
MEX,OLVERA IBARRA Osmar,0,1,0
MGL,BAVUUDORJ Baasankhuu,0,1,0
NED,BROENINK Stef,0,1,0
NED,de GRAAF Sander,0,1,0
NED,de JONG Roos,0,1,0
NED,DULLEMANS Tessa,0,1,0
NED,FETTER Dieuwke,0,1,0
NED,KNAB Ruben,0,1,0
NED,MAKKER Mick,0,1,0
NED,MOLENAAR Olav,0,1,0
NED,PAULIS Bente,0,1,0
NED,RIENKS Ralf,0,1,0
NED,TWELLAAR Melvin,0,1,0
NED,van de KERKHOF Jacob,0,1,0
NED,van der BIJ Jan,0,1,0
NED,van DOORN Gert-Jan,0,1,0
NED,VEENSTRA Manon,0,1,0
NED,YOUSSIFOU Laila,0,1,0
NZL,MACDONALD Matt,0,1,0
NZL,MACLEAN Ollie,0,1,0
NZL,McHARDIE Isaac,0,1,0
NZL,McKENZIE William,0,1,0
NZL,MURRAY Tom,0,1,0
NZL,TWIGG Emma,0,1,0
NZL,ULLRICH Logan,0,1,0
NZL,WILDE Hayden,0,1,0
POL,ZWOLINSKA Klaudia,0,1,0
PRK,JO Jin Mi,0,1,0
PRK,KIM Kum Yong,0,1,0
PRK,KIM Mi Rae,0,1,0
PRK,RI Jong Sik,0,1,0
ROU,COZMIUC Ionela Livia,0,1,0
ROU,van GRONINGEN Gianina Elena,0,1,0
SUI,DERRON Julie,0,1,0
SWE,BOBECK Vilma,0,1,0
SWE,LINDGREN Victor,0,1,0
SWE,NETZLER Rebecca,0,1,0
TUN,FERJANI Fares,0,1,0
TUR,DIKEC Yusuf,0,1,0
TUR,TARHAN Sevval Ilayda,0,1,0
UKR,KULISH Serhiy,0,1,0
USA,BACON Sarah,0,1,0
USA,BATTEN Haley,0,1,0
USA,BENEGAS Perris,0,1,0
USA,CONNOLLY Erika,0,1,0
USA,COOK Karl,0,1,0
USA,COOK Kassidy,0,1,0
USA,CURRY Brooks,0,1,0
USA,EATON Jagger,0,1,0
USA,FINK Nic,0,1,0
USA,FINKE Bobby,0,1,0
USA,GEMMELL Erin,0,1,0
USA,GRIMES Katie,0,1,0
USA,KIBLER Drew,0,1,0
USA,KRAJICEK Austin,0,1,0
USA,KRAUT Laura,0,1,0
USA,MADDALENA Sagen,0,1,0
USA,MADDEN Paige,0,1,0
USA,PEPLOWSKI Anna,0,1,0
USA,PIERONI Blake,0,1,0
USA,PRINCE Conner Lynn,0,1,0
USA,RAM Rajeev,0,1,0
USA,SHACKELL Alex,0,1,0
USA,SMITH Kieran,0,1,0
USA,WARD McLain,0,1,0
USA,WEINSTEIN Claire,0,1,0
USA,WEITZEIL Abbey,0,1,0
AUS,DIEHM Natalya,0,0,1
AUS,GIULIANI Maximillian,0,0,1
AUS,INCERTI Zac,0,0,1
AUS,McINTYRE Annabelle,0,0,1
AUS,MONTAG Jemima,0,0,1
AUS,MORRISON Jess,0,0,1
AUS,NEILL Thomas,0,0,1
AUS,SMITH Penny,0,0,1
AUT,POLLERES Michaela,0,0,1
BEL,van AERT Wout,0,0,1
BEL,WILLEMS Gabriella,0,0,1
BRA,BARBOSA Jade,0,0,1
BRA,CARGNIN Daniel,0,0,1
BRA,GONCALVES Leonardo,0,0,1
BRA,LEAL Rayssa,0,0,1
BRA,MACEDO Rafael,0,0,1
BRA,OLIVEIRA Lorrane,0,0,1
BRA,QUADROS Ketleyn,0,0,1
BRA,SARAIVA Flavia,0,0,1
BRA,SCHIMIDT Guilherme,0,0,1
BRA,SILVA Rafael,0,0,1
BRA,SILVA Rafaela,0,0,1
BRA,SOARES Julia,0,0,1
CAN,AUGER-ALIASSIME Felix,0,0,1
CAN,DABROWSKI Gabriela,0,0,1
CAN,HARVEY Eleanor,0,0,1
CAN,KHARUN Ilya,0,0,1
CAN,MASSE Kylie,0,0,1
CAN,METHOT Sophiane,0,0,1
CAN,WIENS Rylan,0,0,1
CAN,ZSOMBOR-MURRAY Nathan,0,0,1
CHN,CHENG Yujie,0,0,1
CHN,GE Chutong,0,0,1
CHN,KONG Yaqi,0,0,1
CHN,LI Bingjie,0,0,1
CHN,LIU Yaxin,0,0,1
CHN,MA Zhenzhao,0,0,1
CHN,TANG Muhan,0,0,1
CHN,WANG Shun,0,0,1
CHN,WU Qingfeng,0,0,1
CHN,YAN Langyu,0,0,1
CHN,YU Yiting,0,0,1
CHN,ZHANG Qiongyue,0,0,1
CRO,MARICIC Miran,0,0,1
CZE,BERAN Jiri,0,0,1
CZE,CUPR Michal,0,0,1
CZE,JURKA Jakub,0,0,1
CZE,RUBES Martin,0,0,1
EGY,ELSAYED Mohamed,0,0,1
ESP,ECHANIZ Pau,0,0,1
ESP,GARRIGOS Francisco,0,0,1
ESP,MARTIN Alvaro,0,0,1
FRA,AGBEGNENOU Clarisse,0,0,1
FRA,APITHY Bolade,0,0,1
FRA,BARBELIN Lisa,0,0,1
FRA,BERGERE Leo,0,0,1
FRA,BOUKLI Shirine,0,0,1
FRA,BUCHARD Amandine,0,0,1
FRA,CYSIQUE Sarah Leonie,0,0,1
FRA,DELESTRE Simon,0,0,1
FRA,DICKO Romane,0,0,1
FRA,EPAILLARD Julien,0,0,1
FRA,JEANJEAN Anthony,0,0,1
FRA,LAPORTE Christophe,0,0,1
FRA,MAHIEU Romain,0,0,1
FRA,MANAUDOU Florent,0,0,1
FRA,NGAYAP HAMBOU Maxime-Gael,0,0,1
FRA,PATRICE Jean-Philippe,0,0,1
FRA,PATRICE Sebastien,0,0,1
FRA,PERREAU Olivier,0,0,1
FRA,PIANFETTI Maxime,0,0,1
FRA,PICON Charline,0,0,1
FRA,STEYAERT Sarah,0,0,1
GBR,ALDRIDGE Matt,0,0,1
GBR,AMBLER David,0,0,1
GBR,CAMPBELL-ORDE Annie,0,0,1
GBR,DAVIDSON Freddie,0,0,1
GBR,DUNFORD Holly,0,0,1
GBR,FIELDMAN Henry,0,0,1
GBR,FORD Emily,0,0,1
GBR,FRY Charlotte,0,0,1
GBR,HARDING Anthony,0,0,1
GBR,HARPER Yasmin,0,0,1
GBR,HESTER Carl,0,0,1
GBR,HODGKINS BYRNE Mathilda,0,0,1
GBR,IRWIN Lauren,0,0,1
GBR,JARMAN Jake,0,0,1
GBR,LAUGHER Jack,0,0,1
GBR,LONG Heidi,0,0,1
GBR,McKELLAR Rowan,0,0,1
GBR,MEW JENSEN Scarlett,0,0,1
GBR,MOODY Becky,0,0,1
GBR,POTTER Beth,0,0,1
GBR,SPENDOLINI SIRIEIX Andrea,0,0,1
GBR,STEWART Eve,0,0,1
GBR,TAYLOR Harriet,0,0,1
GBR,TOULSON Lois,0,0,1
GBR,WILDE Rebecca,0,0,1
GBR,WILKES Oliver,0,0,1
GBR,WILSON Emma,0,0,1
GBR,WOODS Kimberley,0,0,1
GER,GOSE Isabel,0,0,1
GER,GREITEN Pia,0,0,1
GER,MENZEL Leonie,0,0,1
GER,SCHENDEKEHL Tabea,0,0,1
GER,VOELZ Maren,0,0,1
GRE,FITSIOU Zoi,0,0,1
GRE,GKAIDATZIS Petros,0,0,1
GRE,KONTOU Dimitra,0,0,1
GRE,PAPAKONSTANTINOU Antonios,0,0,1
GRE,TSELIDIS Theodoros,0,0,1
GUA,BROL CARDENAS Jean Pierre,0,0,1
HUN,MAJOR Veronika,0,0,1
HUN,MUHARI Eszter,0,0,1
IND,KUSALE Swapnil,0,0,1
IND,SINGH Sarabjot,0,0,1
IRL,DOYLE Philip,0,0,1
IRL,LYNCH Daire,0,0,1
IRL,Mc SHARRY Mona,0,0,1
ISR,PALTCHIK Peter,0,0,1
ITA,CONTE BONIN Paolo,0,0,1
ITA,DEPLANO Leonardo,0,0,1
ITA,FRIGO Manuel,0,0,1
ITA,MIRESSI Alessandro,0,0,1
ITA,MONNA Paolo,0,0,1
ITA,PALTRINIERI Gregorio,0,0,1
ITA,SAMELE Luigi,0,0,1
ITA,ZAZZERI Lorenzo,0,0,1
JPN,AZUMA Sera,0,0,1
JPN,FUNAKUBO Haruka,0,0,1
JPN,HASHIMOTO Soichi,0,0,1
JPN,HAYATA Hina,0,0,1
JPN,HIGASHINO Arisa,0,0,1
JPN,KIKUCHI Komaki,0,0,1
JPN,KITAJIMA Ryuzo,0,0,1
JPN,MATSUYAMA Nami,0,0,1
JPN,MIYAWAKI Karin,0,0,1
JPN,NAGAYAMA Ryuju,0,0,1
JPN,OIWA Yoshiaki,0,0,1
JPN,SHIDA Chiharu,0,0,1
JPN,TANAKA Toshiyuki,0,0,1
JPN,TOMOTO Kazuma,0,0,1
JPN,UENO Yuka,0,0,1
JPN,WATANABE Yuta,0,0,1
KAZ,KYRGYZBAYEV Gusman,0,0,1
KAZ,LE Alexandra,0,0,1
KAZ,SATPAYEV Islam,0,0,1
KOR,AN Baul,0,0,1
KOR,HAN Juyeop,0,0,1
KOR,JUNG Yerin,0,0,1
KOR,KIM Jisu,0,0,1
KOR,KIM Won Jin,0,0,1
KOR,KIM Woomin,0,0,1
KOR,LEE Hyekyeong,0,0,1
KOR,LIM Jonghoon,0,0,1
KOR,SHIN Yubin,0,0,1
KOR,YOON Hyunji,0,0,1
KOS,FAZLIU Laura,0,0,1
LTU,SENKUTE Viktorija,0,0,1
MDA,OSMANOV Adil,0,0,1
MDA,VIERU Denis,0,0,1
MEX,RUIZ Angela,0,0,1
MEX,VALENCIA Alejandra,0,0,1
MEX,VAZQUEZ Ana,0,0,1
NED,CORBEAU Caspar,0,0,1
NED,SCHOUTEN Tes,0,0,1
NED,van DORP Simon,0,0,1
NED,van OPZEELAND Luuc,0,0,1
NZL,GOWLER Jackie,0,0,1
NZL,SPOORS Phoebe,0,0,1
NZL,WADDY Davina,0,0,1
NZL,WILLIAMS Kerri,0,0,1
POL,BARANSKI Fabian,0,0,1
POL,BISKUP Mateusz,0,0,1
POL,CZAJA Dominik,0,0,1
POL,JARECKA Aleksandra,0,0,1
POL,KLASIK Alicja,0,0,1
POL,KNAPIK-MIAZGA Renata,0,0,1
POL,SWATOWSKA-WENGLARCZYK Martyna,0,0,1
POL,SWIATEK Iga,0,0,1
POL,ZIETARSKI Miroslaw,0,0,1
POR,SAMPAIO Patricia,0,0,1
RSA,BROWN Ronald,0,0,1
RSA,DAVIDS Selvyn,0,0,1
RSA,DAVIDS Zain,0,0,1
RSA,GROBBELAAR Christie,0,0,1
RSA,HATHERLY Alan,0,0,1
RSA,LEYDS Tristan,0,0,1
RSA,NORTJE Quewin,0,0,1
RSA,OOSTHUIZEN Ryan,0,0,1
RSA,PRETORIUS Tiaan,0,0,1
RSA,SOYIZWAPI Siviwe,0,0,1
RSA,SPECMAN Rosko,0,0,1
RSA,van WYK Shilton,0,0,1
RSA,VISSER Impi,0,0,1
RSA,WILLIAMS Shaun,0,0,1
SUI,CLAESSENS Zoe,0,0,1
SUI,GOGNIAT Audrey,0,0,1
SUI,GULICH Andrin,0,0,1
SUI,MITYUKOV Roman,0,0,1
SUI,ROEOESLI Roman,0,0,1
SVK,BENUS Matej,0,0,1
SWE,BABULFATH Tara,0,0,1
SWE,RISSVEDS Jenny,0,0,1
TJK,MAKHMADBEKOV Somon,0,0,1
TJK,RAKHIMOV Temur,0,0,1
TPE,LEE Meng Yuan,0,0,1
TUR,GAZOZ Mete,0,0,1
TUR,TUMER Berkim,0,0,1
TUR,YILDIRMIS Abdullah,0,0,1
UKR,KHARLAN Olga,0,0,1
USA,BARROWS Ian,0,0,1
USA,BERKOFF Katharine,0,0,1
USA,CANETT Kayla,0,0,1
USA,CARLSON Chris,0,0,1
USA,CHATAIN Peter,0,0,1
USA,DEAN Clark,0,0,1
USA,DOYLE Lauren,0,0,1
USA,DYGERT Chloe,0,0,1
USA,ELLISON Brady,0,0,1
USA,FISHER Grant,0,0,1
USA,FRITZ Taylor,0,0,1
USA,HENKEN Hans,0,0,1
USA,HOLLINGSWORTH Henry,0,0,1
USA,HONG Asher,0,0,1
USA,HUSTON Nyjah,0,0,1
USA,ITKIN Nick,0,0,1
USA,JUDA Paul,0,0,1
USA,KAUFHOLD Casey,0,0,1
USA,KELTER Alev,0,0,1
USA,KIRSHE Kristi,0,0,1
USA,LEIBFARTH Evy,0,0,1
USA,LEVY Sarah,0,0,1
USA,MAHER Ilona,0,0,1
USA,MALONE Brody,0,0,1
USA,MILNE Rielly,0,0,1
USA,MURPHY Ryan,0,0,1
USA,NEDOROSCIK Stephen,0,0,1
USA,OLSEN Alena,0,0,1
USA,OLSON Evan,0,0,1
USA,PAUL Tommy,0,0,1
USA,QUINTON Pieter,0,0,1
USA,RAMSEY Ariana,0,0,1
USA,RICHARD Frederick,0,0,1
USA,ROVETTI Steph,0,0,1
USA,RUSHER Nick,0,0,1
USA,SEDRICK Alex,0,0,1
USA,SULLIVAN Sammy,0,0,1
USA,TABASH Christian,0,0,1
USA,TAPPER Naya,0,0,1
USA,WEYANT Emma,0,0,1
UZB,TUROBOYEV Muzaffarbek,0,0,1
UZB,YUSUPOV Alisher,0,0,1
